,terror.address
0,112oNT2YhN5WYvSSAqGL8YYGkz46rSJCJ2
1,112ysxdPYPsPjHTG47KMhGd9ULYdG5fCj1
2,115z3BaTWYRJbHZYMZVLxetSgqeQ28GrXj
3,121iEyvAdjQU2PDyxYNFdzZnkKSLDGNb67
4,123fBH3GCZxp1Cz7xrUdguSfxvVAugZQJo
5,124b1CEF536Chudc1LqzdvBSoXri2nkVn6
6,124xrkZmNTMh2G41hKtrHUCpwuy7xbaJ7j
7,125zvDU3mCsQNR5o9LrpxRMQnEaRP4VKh8
8,126PW119CbUDZsxXx828aqLuQQyPSdwVKS
9,127uNvPhKLHy4KAkdR79oYdZLgSvBcu4Pu
10,127mnTHED2ZqXjtYqkwaLJPQSyUqccShrT
11,12aQbqyWFNZUT51ArC2a789w5HWoiyCK6K
12,129M4ruGioxPfiYU9dHkkaEG7kXQhPvZqy
13,12d3jdniavDytUjqU5Anff4eWxXHLKvfSU
14,12diMAa5mhtrPAaBA3juPQmBaShijRbrtr
15,12EGpqwabMuzjTDMNhhQkmKJgiKx2gX8ti
16,12ejoVBozmpHWLEbqnLRv7rZFYrKT5NqM6
17,12fFkoAbjLdrfcfCrtS1uWaUTxAEiPk5eE
18,12f91dzg3J6wyHZX1tXHj9JVSVLVWY1MWm
19,12GvVeCQjgjPBe8NZqfX5sqwAqvDJNGrWe
20,12iY5DAx5yevPweAFsewGt3rfbDt4fKyEf
21,12JSwfhcCvX8oUv4WqJvA16K448t9hkf8s
22,12kjjRAe2MhGrTFr4NV6H2JziRpjtZzUhq
23,12KSQThfaMdXY8yDuft2739NzZPkR52LDD
24,12MCFZ1YnuzS6ysgbKgDJBvTB1RJvw6h9T
25,12MyVuqTZH8isoDpGvH9KSauRzUQF65pXk
26,12NghSnCietqj67omrXnBrsZLR8wkKhRDV
27,12QDM8UCsfC8bfrPX92xBrnGvx9w3uHZwE
28,12qnKaoQFHfoveUcKGcKU3CBLeBy1tWzA5
29,12QZ6Cq7jg4bWEkNWK6RnvzLDTRDL3YnAf
30,12sDU3FyYJXc2oRzE6XXuuhVHCBJvaoCC8
31,12SzHFGY3eeZmq8MBB77AJvzPm8SAzHfio
32,12TJpdkExoqfg4kidPc5UKET8S2sdEPzbF
33,12TWaaqFGD2stKtQJTPyzP6ty7zXq4PuEQ
34,12TWAarP2mQwpn72xmHbVemZACP6wBAoCy
35,12WBNANqVfAmqa1YtrJJtBYr8QxtcAaUCi
36,12vvSvrTysQM21PAfzzftzvQzbDn4jaf17
37,12WveWbJCVkTGBYkVg2vJfLEjmSQAQaJnM
38,12YMjGQwGHhNoN834s44mR6yYnkAQkMv9w
39,12Z8sNbvcqioKXdKtqXEAjTz2Ei2egDUWH
40,132MeFzjDnZX8M9FAJRWks6qk3jvTEb254
41,1348ThkNoDupq1bws95diMiL8haGs61K7M
42,135zxyra5BXZM9y4LMNtoCBetyXDof9PvQ
43,136EuwjERYN9z6qch8cetTkBzFtWRM6HWw
44,136PzCa1a5j7fj58QssdTTq6dtesxrLGxm
45,13AfzNR8p1ZUvG6zygKqWUBmutqWxR7n2V
46,13aJ1aHmJH1HJC2a4hW5Ua3rqdBQ2QjXGp
47,13Bkwg4AogAWTWwcqgkRoebuYRDBJxcBkb
48,13Bn712jbxKseEuhdeWGcYnGYBVerX8ZAC
49,13C8NGKJsEAyegWK1zWQbKK9KFgbTxu7yr
50,13bxfFv4D4zBSJPAjjQ1PQapB5fSMzy5ro
51,13d24GbdycfXfdCjhe7zHw9q2X2htGdLJy
52,13dxwRpHfMg9sQTTduVMkC8xR58QNwgacS
53,13drj7ENJVRRSKsYkmHT4fM3RU6bi2ePmx
54,13DiSXseGP3SjRqZvkEjqiNTqXDJSPPzuW
55,13fNNH8xvceYsKfceBbZf71eFkXv6TDwZS
56,13g8p3bDjD9MYRQK1vBoo6oUSQojcaorHX
57,13gQGniQaBRUGrACMmj3TkAm5fsLtzJLqa
58,13iQeH4YZ75rPRQt3qBvNuWm1osjb4B6dE
59,13HoHeW6byMa6pmuwYyPdaHJ54pkwommyb
60,13m4hmgX7TYETKSSFjCUGJhpMdAdKdaAbE
61,13KY6djA8BEmjkpnC3FW4s62CQ2aB3ntk5
62,13MpUrAT4hZxKmDQ5BJv8ytxa6q3B2Fz1p
63,13NAhhaWdjieSufp71kQid1Fhs7wTHUUTU
64,13Mqr34ebD5uqUn7VTZrHEoQBjbYkviiae
65,13NB6KjKL5BChgBPxSKwPdhFLML2SF5Ldi
66,13NnoQq4v9kDiEWVENQ62YFiCerzK18fKz
67,13Pcmh4dKJE8Aqrhq4ZZwmM1sbKFcMQEEV
68,13oEAZDjjVUDU7w2yxJR4CHNfwVcj2VpvG
69,13pYEahSF92Bq2VQsTWb24daFnd2Lggcvg
70,13PJYDCGP6UUeC4unp3pWrLdFzR9RHcvc1
71,13qXRW3anB9pdJa14fJ4fMUXxtWN4mxMTi
72,13RFPb7CQtrVra2Fc5MTkq4VSAwGypdGDy
73,13rpiVTohsqnu1HAR69R7R6ruwy9gcLKmM
74,13T4trjvZXTHPp2xmLeTPoppDmmQDJV8o7
75,13s4otY1rXiz7uWS4F7RpqEaxQN242iK8A
76,13SUW5j5HzcDBrz6HDQGqbeQkhn4jJfqjd
77,13T1T1ucfNUZeVM4kXUs3KtWiEweFEXNzT
78,13V4PqFYBZFD6KiX99YvZXTPBkQeBFd6wo
79,13V3Ctz9QQMhfCAofjLhAuLLETDi8waCa4
80,13Ve8bgvK1E8rvypCJRUjDZDZikmZPKxKL
81,13X641QnrDCbnP9X3QrfZE93eF1ewwtam2
82,13y542LPD4UtEctb98x2YYsvmAWtAxKHfR
83,13yFPT5VejuFsyrv3PkGBYqNMwZFEihP9y
84,13yD6pQdFrvcYS5QLtBN6Sr9tLwjfXXaEM
85,1413xWBQ5srP42RNEGymnKyWozSXKLXjrY
86,13ZUVxFPXmwGsgCbMuH6QMAMJoyPGCSxdM
87,13zzycMH2r8vrw16TUYV3EA5prUz5pp2UW
88,142rebsjxwhE9XM84ErD1PzZRhWEhhY2uS
89,142x71tkdyUYS6j5rdfnix1TnhYBvzmsq8
90,144uqyktFYLZQfpAMEMwH8HaLkdyuNySeq
91,1452hF2dThk3hUTCs1zV7qRX82vcoh8GcU
92,144VLdxzU5fx5DzvS7fGDqzzuqMHYUGgU6
93,1453y8HjZjUHvxGH6RFbPcHxkqDatNrYR4
94,149jq2gj3zDMMhF9wBpUuaf9M5NzS6RMQQ
95,14AFKetu2Eie13nBohsTePL7XtKfMwBAfW
96,14DG8P3pkriLECtpJohbQe3sak7xqBXriw
97,14dRMzjmatz7zkc7iRYaitMvw4YPxXJYHf
98,14eTbzM3Mps95A1ojqDzBRdcE5XXAjvEQo
99,14DwP1JY4rQX89gAqAFGEobwbVxg6Etebb
100,14f41mSHpmyTDyXetMnk4PgZ6sKjE9eKRn
101,14EWtBr4WkkaQmqBwKAP6veaQdGbMCzQPq
102,14EwXyqiB3yVLDJ1zVNevvEDpyyhBdnzjk
103,14GqbBbquzTQJXirgpdZhgqGHQVk1wmVSz
104,14hA4djH1FfbxYWxtCHoRiamiR7ACKLhkQ
105,14JwiMab1sUY58SNxQK35dhtBGjecPpWtT
106,14kQFouUj6HsE7EVeRrkudV7iCMDfHci4d
107,14KMiRTpGeDfpoBdMzac1Y4trd3nmapE8w
108,14KPkvRahoue13LcEVDXN7xKJ5FaF4984g
109,14oTLigWqeJbX9ooA6cULKWAdSgZw5QKYa
110,14RfuFUSWjcBKq6VovvyBTJUzPApW8GX5e
111,14qpeELfVHytPeiv1Ch5s2GU88Epxor4cW
112,14S5Dzc3n1ndWfYMcdtoYMm7hjMq46wi5r
113,14rW8vdjuBf8drC1cKLqA5g2opvt5g2Uip
114,14S3GUHsqSY2am6yCPqEhb72sECUUbnRtE
115,14snPXTk1YB5rNxLhVCinjJcm1Hu6qb1no
116,14szYA9HgXFg5qbLAyJHj2vAoPUfTukmHw
117,14tXJKUadR583ZBhS9BwCoBjx24dS69u9P
118,14wanXU9hDXEZpHuoPBGqguYi1izigboXm
119,14y8fDUSM8s926rUADJtGqJjnKr2ikepaV
120,14zHNQ1HgjcswvpWUDLHWLB2vJooTeB7VY
121,151iR1QoVS28rr9usAaBcNHKLCTH5HYGN4
122,15363z7VZxjZZG6KiwetxG8QQ2FiyqkUTM
123,1559QFkkwW2gj97RoQtKt45xDfMvC7PFvt
124,153wprJwnw4w77d4w8hBwBUXZBxaCTKi7E
125,155kMLP4ywMJUtnvaHPjAHDMkALCPX3PUn
126,154zjQpAUnuy1HWojwVV7key9aZwiqexQq
127,15648wFdMY2ArKAEosKPScx8J2GZJ5N32V
128,156hZB4JyrbPETtYM3AWH919rcFYANsMvy
129,158MfGfbjziargmRAJoCJbP767oUG28tVT
130,158CdwoXhz2fvbzF2i3Xm4qmjdu542v9ES
131,15BkDAkpkKq5PfogEmyneNXiZzUXBWDsQN
132,15dpE6HR2PrRbpqXqQSWXF2D1m1uLT5MeM
133,15EbRawJ8a7xdNgbdg1e4mC6CgJKbwEvBp
134,15dvW6ZqpBJLjpuvwmkn7drZiTT4jT1KAo
135,15F46mfWVgUX12BKQFEMvMFcsKj3PMMsag
136,15eHiczswAXGEV7t5gHCqmNFaG5sqDP243
137,15fFfAhwVxPT87CfB9xjxHt3TzgGuKYSpB
138,15fDmt2JbCjwKJ42Y5CQEHS2DCgxhdrig7
139,15foDT6HNeHYSapuqkUSBvPMnoxkxdwZYr
140,15g99jYNEzpt2ao8zYZDtrWm3riDyeDeoX
141,15gxugfaWt2c8xAdima1k2EDbWi2jbJDjS
142,15h9h9rtgvnHtn4TDYKnSXPqdQLsa4QYyX
143,15j1RVrm5dsaSVpgi5oa69eFd4iYZtDR9c
144,15HwShzJQjv8rQUW1jw8RKQsjQQV3PqNEh
145,15jrk7WjCCf73H2gzdq2REdD3bfAkKxuyK
146,15K9Zj1AU2hjT3ebZMtWqDsMv3fFxTNwpf
147,15KouPCLDqtZtt4asasgaZxLF4zwjd6iKp
148,15MJSDUkt4DUgBPp5ecYmKxW94sVfFsofn
149,15MdBnHvjuV1xGwW2EkTP7p7AFao9cs6St
150,15NiYYwph5ZRcR2h2Nb99tRdnbCuYSqMB3
151,15mrTTZEPZzewTX8VefQjjRoEAzuh2WYSu
152,15ox61aRe3AjPTxeyi83jdFiH6pwABraqe
153,15Pa6SgCSyq5XtH3A6HTUXN1HGc2S7Vc8i
154,15QvBqWgbVpc8azzuCuaxtQRbi9cKY3F9L
155,15QZXBQvC3s415UGyNVeZc5EwvX9JstwqS
156,15RqP2RPK9rfaFf6yXEahk1x6WzmJ3eibW
157,15s8z9nhBMvoQ7CrsXYfWBbR2sCCxhq4U3
158,15RWtVodbfDJLUxyZbgXzDt35dxz4RRHz6
159,15TyiW6JSju6ug3KF3LjuHL7XvAyYYPH6W
160,15tJ31XyRkoBZ3wEBUuwe2s1h5uaXXvvDn
161,15UGba7yUKpMbwkoKfSPzBscZdKmMECpCR
162,15xHbPX2ytjoLxAkT3QeEV5A7E6uWv1vtY
163,15xQ3xQoBuBix36EU3hq12kzKYMm9S5pD8
164,15YcdScm7e9wtK6AtHFf8icCqXWaQjYoxV
165,15YPtzeqSSBfNJrVb7GdbscjgNixgCHGng
166,15zCjquoCBrZFWT4pNkPguE4iBVQc6Rq4t
167,15zdoWdxVXAtU29sZWrZBwnk4UYDM17LuA
168,163nTMoRD7CY7F8ngKUWopG5fFDCsWFpKf
169,163wn2rhBZ4ZH45A5vFhhvPmxtAiVkcka8
170,165a2UfT92ER3HjXqFv2YYfi4gHepTd2ae
171,167rrEtcXmiypoLhGxnEHRLeFaDCga6rQa
172,169rZmBkhVMn89sQ7Uwigo76buY1RbyReZ
173,169SuGEs7u9NrhnbN3nsBzxrxhpae7jiys
174,16B8T9u3fZDiX5X2j32p84rws6ucMEwZ8y
175,16BdxXSc2YpQBNJiFA5UDMkYYJ4cXoLxZZ
176,16C4YVqX8HrJT1ZrbL7ZPWajbjvZeL7Pe2
177,16cXNW9tvgHWXAZ9Mu1L6kY3oSpLz3VseG
178,16EBP262v49LbL9Y6XKVtS9uKktcN9642P
179,16eumdkx69zRqZGgeqQ5ggBGN6CGEZ1vGu
180,16FjguY8ThGjkJAohzeRtJmiF7Jp242Zqu
181,16GK49FKbnsMoAaMCcKi6XWha7zZtv8Qz3
182,16GSuXh7vrSZvT5y5TxjyKk2Y5pWXhz6cy
183,16hLrF4r3ZfCWsfo7UnEafgsu68kChVvNb
184,16gXVARN3kcCxXetQHVfe2oYixTf2uxX3f
185,16HoEfPk7PSxw6auHSBXWWPmFQUjDiPwg3
186,16J42sgH6Hq254fwSWWwjEb3m8er9KQJSW
187,16HCGDQtJqeuPYWo2FZRzrM5EfvbBhrseR
188,16jHvaMX9oHcJAJCPvG5dap1L39Bd8hgNu
189,16k5JCVJLtPjsRDQkJ8WgbUdLJjAeWYdhi
190,16LY8pa3jW2p3UYHFHEaTfZJJRBUvD8M1i
191,16MQknRYqGwCkqP9oHaBKp9z78KMuFmjDq
192,16nUeQJ3uTB9TWpDk5XPMYdyWTenrafGiK
193,16nuPEj2ih3KjRjyrkH7UWVAerpRnC5Gep
194,16pDdJmc5KaxZL17X4MTrGpsC6yVCquzLo
195,16oZY7q6C21yQ7fS6XRDBo1ApkdHsXaSgG
196,16p19riZZzoMnfyVWipbShwuTxmvqsbfXw
197,16Pmb5t88xFNBt4qZLvchgGqmQ5yFtShuQ
198,16PRPBHmJLosbP2w5xn8PsprQ2cvJi5TP8
199,16pRw2ZnXfidaQQotyujdjhu2KPUxgi4is
200,16PWfMYcHhRskqt4C4438q41xPmwm3LFDc
201,16QP4RUYoBC9DtMmigN6UMc1Lp9Q6BHQE7
202,16QgVE2EbYbWzMQGZB1k7YKz9bqfwgT6g4
203,16rh9TrGXbmjjfy2QVFKB4vEnU4PGnng54
204,16SuvwpZjk5hptdaDh1od7L1xsr2y1K3Ua
205,16Snr1ThXzqRFbhDfBzwGcXwVgiYF8KkFo
206,16uPktqk3WjP9FV4UnRroo8f6aE5YcPSdf
207,16uUNFVcXDDNwJdeLWuiJGNBvD8Swmf64Q
208,16UjBk5yX8h2pS6p4gcSk6wqywH9Lp3CLH
209,16vZ34TNsGdjU5jNqdCPfbzYQ9ukEaw9sw
210,16xBqbX4JwBTk5GELkt32rCujb4mD4sDe7
211,16wVuYwez3MNrUytwbtiBzu5VDQ2DP4wU7
212,16Xow5ZxbPHhkwXwXSJkHHLSY1SAwZtyBw
213,16YkQCxr3Zh976SSE7V8de5VLzBeySwQfS
214,16ZzfnW3DKAkhh9txy7UZPqpYUV3rR1wNT
215,16zx2F59zr1cDFkdUBowaA8ikpnWjyQUNB
216,175yY2jRezXX3DECHnJndu2r2VGTjgNRgk
217,176egVjkHu6KicRYbzr5sTPzXGNHGuAvUY
218,178mxB8yuRyX1mgtrRB4j1JEKwKcgo9etq
219,178Y879HP3yZ4nqcopcKDeNNTSrQ2RFh4r
220,178YNxcMA5jzdfeu8Enu2yDs5k54ySjnUp
221,179bzhS4FY7qLDza9YjuorhWyXVVYZu2YH
222,17beiyXdcKuWsyyFAEMUY2g9axjBpAa6Ra
223,17b4bw1mZfzJabjme8ujVaXJQzzeNq3mWE
224,17Bb353JSpjBkjoPiwR9YL4TSsiXFGKRrq
225,17Bczm7tSjCmvHV5EdtJA87tCpL8F5fj53
226,17BY1XTSpzMdsBDvTqFNerNDR2AKDozNLE
227,17CaTuo4hBhRUKh7LjV2mkEzvwqmZuimpZ
228,17bE9TNFAMf2eDrWKkHo3G26ye2PWwccje
229,17Dik1cbJUBKq5UBpDgNE2Usza3JUtDfYk
230,17DVrYE5NAxgBBhRq77cuyhGABwEBGxVMJ
231,17crJL4pgyJyXH9EY3GEcZscd53mPn55YZ
232,17EYkiFQFrGWBTbbEWuY5LgsVRHaQmL7Rm
233,17fDT9TnU7qUEr8coj1qZBBcSMFh9FqMNc
234,17fZtGHghG2xud3pj5UkuKr8f1TMzuDpjr
235,17GSsgnahsFVwzHySCLvgwYDCen7j4vmGe
236,17i6Knga5E3ufcvkH9cYUnK75nYjFEarof
237,17iQRAPDQ7YZ8S4EXyft9e56pFqgoFXdi6
238,17jNbxgbnfQdLPVpCvmRejWz6rVZ19woH1
239,17JfC8qZrqudMF18EUBHe4NFvSrmSvJTFq
240,17JfZFQxZ5PLiLxno98t5YEufWUh45PhjW
241,17kUoP28B7WbbpRadEVfcbvAr3EvHK8D5e
242,17kEvkXeTczj1d6riYoxh6WRLgNVQVNUu7
243,17LCXWeGMv8sKU9inaSbddJJ7sxyxbXGV6
244,17MyQ5LauP4mCyDU48fosTqA9irRzi5ovj
245,17Mz65uBrCCGPzpEf2CM3wLXgTmXSGUXbw
246,17MWZGvhR6mBHs9asME3ioZMGv4LpLRuVa
247,17NMoJ2ew8nyvfQKwHaG7EvSx7qXnwSUkE
248,17PC8f6oAoBBKqLNSjHhH8hquBrYBx3Zub
249,17QAWGVpFV4gZ25NQug46e5mBho4uDP6MD
250,17qc2VmDa6KxNfCzGZMvghY2stPKg4L2Nm
251,17qwxbxfxEocgopT5mFo1eaJczUZ9Xq7pN
252,17RKV8s9tu8SNEadtkicWNcNtY2m3Ehj6M
253,17RPx6NJFUZBqCmmraiWVdhNGFQA7xcoEG
254,17QYAWhkQ12waXR4ow8qtcPm3y8eJC9GFo
255,17rWX6MRze6BLHF3D292kWdF8uwhuRTjFT
256,17T6bqDfhbjBzYGGx7rGFq399yZCtEV5gC
257,17uwzfLcfkYj7T6Hm9ryQ2GXe4q9Zyryis
258,17UDdvnWy69twtJRYMkgnsdcMM54fK6Wd
259,17UUXDzPGkMwWrabhtk7YCha88tSoua2Vr
260,17WCNmtPzT3bjwe5riyEq3p2MdetPkQGKn
261,17XMXUCodxNAryVo8Jniu6ieCuQMwZjvt
262,17wYbuSqP8KFEotCDv4W5rCuuuxQwM1zHY
263,17zicKZixHjnxUG4r9aez52ickeo6wFt69
264,181fAjEBk5NJJT2FwWQypd7iLYNaWVYDwo
265,182paspUNKSuMJbmUvrccu4qEhK3rZcTdf
266,182WwNHhdHXbWPgSX93rbPQ8Xri6MHdjZh
267,184TZvJzvTWh7m8mbjqAb6tr4293H5Uw2m
268,186crJyisghgucSatCXDtAGVRdkDXGgpki
269,187D9efmw1u8qBaFNJt9RRPp9c7YETzr2U
270,186dR17fZ6e3Fo3YNVFxq5xFBgWMvsAct8
271,189GiHSbUsxUmXgTTVgoihNWDt768p5Usc
272,189PtA5y3DinTnRJ8PTbUhqoEtBNimZd6Q
273,18AcE5eKzjX3tBfFPTEU2dd6374erbQpDv
274,18B9UXbaN7vavNJwNZoEQdEsWfhTuV4kyF
275,18bndhpaQZvxVAEiQztgo38RDTDjL3EBo9
276,18BhjYwpMixHCnSo15uvQxWtmeufwPAyBb
277,18BpqFntCQP1w2bsxoJEVp1bXSNmhYyJGk
278,18bQKaBPCDyqYT3Ne7hdHB39df2dkpZjVH
279,18c7pyA6si3DrWJSFuYA3ueuWqcVnkC6s7
280,18DVi8FZi3FvpCoVWSLQruX3CadoUqJWt6
281,18dWgFEsTQxzv9Z68Pev2WissJ5AwNu16c
282,18E1rJNUdXhTyxPC38qrF7HcJgpSHRQoW7
283,18fqEqikTekFgKYKY1GMgZSUtDKw3Hu973
284,18gTarEF5R3xbYhyDjYGb4ByrWh4jBK8Ah
285,18FvwxZJiGkTmSRXeTqd3rkxDHDtXpxWS3
286,18JGaZjAbWZKbkXQPkUJ8Fq6SB8zo7qRDx
287,18JViccWmS5diZe4MWQjTxLjfiPDTC1Q6D
288,18LbBHuECEUg3bRXMtLk5id44H7qXKsB8W
289,18MvPosw3dEDYRmUxSeqRreqzAFUDWdt7S
290,18oZUKWZFxeDCgTKz3G6iFhHWy19gGVVBa
291,18PLKKq7wFQ9TJokE32xXFF4v5zqTEHwww
292,18QBZucUJvAoVi9TyLAcgPRRnuRehU2tZU
293,18th9qpe6DoiZkbaK8egPV5cZae2znaskM
294,18Vp27b8hVUoYFMWVVLCP3wWypgTazKd9o
295,18VKzvV2Tg4dro8Pmdf9D3Rq9svA7M4nxn
296,18X9p34ZcRXDnhEYkRcMLvzEG7Mhp6u69x
297,18XbFq96RtpTzNQck2SXHeBCbrcBsFCyGg
298,18Yu6XQcrzR4BnaymoL7Uck6B6zbK7R2F9
299,18Zc1KRdFxjLb2aimC4SyucDLgijLDX9rZ
300,18YMfqELrnywSRxvXsHDfh26MgNEdRa3Ly
301,18yuLP1djW1q1A235BBAqXcjC5KkhqkM2M
302,18zCV1TR4yh1DQvRtCCr9uE6P8LPjsjSjE
303,18yVmqwMoQUP4VNR5ETXGKKKzeDHUrbUw2
304,18zKFqWTWLzT9hxb7WtBY8qvpGXz4dEBiY
305,18ZA3tAZZoaHuPCAnRrQ21A8VVEH4nRrXW
306,1947TpDCujfEjKkQySkakCdf5PYPTdMvFZ
307,196KkZXR6nKVhQyrgLT1VHpWnyk2tEBECJ
308,1959LHFB3xwMyiYWujcVyG8regtdHUBjDf
309,197f2ABwQnTbDCewPbvRHQyFSMz1WpcmJj
310,1979tKMkwMLt85sfroWFxQrybYCHt6ifEX
311,19aAg3J7ZRx7d2aQHeVAnsux5anjmaEYfE
312,19agzwjEFfPakAKpTCvotLQT3xteqC3ZMk
313,19aqZuupgUG5znWWnLyb52NcumMbkfTPzg
314,19Am3cBeM256JFzTP4omkePTne6yrzppV
315,19ami2b1sziL43EhNpvDyP9jLiVyfCiWnH
316,19cbaYRhTMC3tgPo2Znm6ereRk3oCZD4N7
317,19D1iGzDr7FyAdiy3ZZdxMd6ttHj1kj6WW
318,19DPrLsh6hDiFuopG5ngww2p8ydy2gaJc9
319,19fjLeFAwopBPD64wE85DSh1tAFW3VaHeh
320,19FPnsirdU8NaG56s6sSvgo415FK9zMCwK
321,19fpTreYfALtpMrMSqu2y3cvYMHcro6hWM
322,19G5CpD75siuHBYGpLfau2GskpxqGknq3m
323,19gkitdbufs47zcBjTJowSFWLQXXGKdon5
324,19hpKRdmqTZp4qUCuJVVC3uprrYJb5ohWW
325,19ixBhChWcPENnVHEnnLBnuGiuyYywGMLK
326,19JBmtGVE8u5MdshWQbbY9Upannz3uj2hT
327,19iSJszwHRSqZEkERFvF1R5qtfME7ERr6j
328,19KZznkVz9Fx2qQBw3s5sqcBNhu4Uuf7y3
329,19MgozFgyg5yUoMdpjsStoHrFBhiv8eo3F
330,19mdUWbrH9N8mL6abWSdT2dwJatoYgcrgT
331,19Lv6A2tgZor459u6hnVBgge5jM7GP5wfq
332,19ncZQTCBfvfW5bsM7v3Pe7t6nzu4GZy4r
333,19NMAsSnL4RG6zEjFmgJxi9KMLKLaXvkwz
334,19oZ8Hpn1rpq74jaJxWnTfy8qP2vrdQsuJ
335,19p48UYcbH1XArV6R7FuXQ6EZkbdBDCQou
336,19Pw5TTrSNUXuRrnG19nbTH9kyXUYyfZFh
337,19pWj7AMwNeco1bPJyBFbxBQd5smG3nVkQ
338,19QVXwc3gFSxkGxvZ8qovxsEiCb2xQwNyn
339,19rzFHRJPu5RHjcsLLNkPQa1B5VzVNEqCC
340,19sGZbaApzAuZyMNn5Ma6j7YKNoB4BDbFe
341,19tRx4dHep3PrQ42fRj8drmGATXDf14uqh
342,19T6Z3c62EpXtiEDKp9575Sgqt5nkBpErj
343,19W8hLojVeXkDXSfGNfDWALFqxjfXFtB7G
344,19WhnuRyuJrx9HNWWvZFrWqGxEVWbMpN21
345,19XFWJCuVdzZ9xJPZ6w57mYoNcfRfcQaJF
346,19XfZA37NqCsF3jhzb1wiX768Geg3XhgUJ
347,19YaX9mfPeoRaeZxumY9TBjdW7L5VxDYd6
348,19XVEDZCGVMA9WCF1qUayxtnjUnyD7zDDQ
349,19XSDoNzUGm2BgsvqKzittjuCHgCa2UHzh
350,19ytvPRLri6PopHS32M5qfi5MLq54T1zhk
351,19ZJbvKSHvtvHi6Nh1npaoJFvURnbdSrwL
352,19zVwzWzRvVuYnjYoFmRE8qi4myHRh3Chw
353,1A1ysvVgMfcxUrDjuctsNJGuUFH8Z6f6it
354,1A4ZC2WpARQpjZySHKmxnZfU17TZYNZsaA
355,1A9uREgs8ju883udurTCJF792P6wS2Kdy9
356,1AAK4voUDA6tP3dcWqNrFjLYxAFjUNQHvc
357,1AAi8VcH3siweKVJMAHtPECkDo5nQX4RAe
358,1AcCAhGNgJXZLmUrFYvFUMGbpwMp3KKsJK
359,1AduLBG2R7vZJ7YpPdcACaSjRx34saTRYS
360,1AGGbfh2FaFtSmuxfvwSJzNLRELuq5m4pM
361,1AFQe9scpeQZaFDcWUnmFGQZb9WBMk2UQg
362,1AGbj9NAhgJDQJYnk7RbyWW25rFWiLNbgE
363,1AgN9c33QozUvwvarZrr1bAmjjCuH1EwDm
364,1AGvwvYX8GPuVv2oQh5zX9ax2v3jwTxuej
365,1AHPXmrUKV9yzwFBojyJXaqHPkghWy2ok
366,1Ai3CLWgRQntupbAqetwGMjGJXWKJvhPsJ
367,1AHV6Z9bDgp3qjybYChd5qUe6vxe48gHw1
368,1AJ9rMMFhRL9VDGphyPes61CLtke9tb19a
369,1AjXVHKirfWu3iv4PLRwWvc7XPvieAngih
370,1AjHz7QJrUaWys6xNsUDBekGiEX3BaM7F7
371,1AJrZ2NnAQKT1qvGGbq2B1rHjzU56D7xru
372,1AK9Ldh4tk5LLm5PiD3Xd3GsPhPDivrV8X
373,1ALeSbNuKjDmHkzDtpmFMAHChEAL4hw1mA
374,1AMjRK2LGTF5RCLdE1qLMnx6EDxwf2WVS5
375,1ANnEXXpCc2QuBDrgxrNfTpQRiuTqhA9ep
376,1ANKhryAUABDBNbAh5zNuu3QHCuRZ5MSC3
377,1Ankj7YFDswEXppAyX1ppSYB8SK5CniG21
378,1Apg5g2XyLBefHh2aN1wTMqQ7RxXGTZDyj
379,1As93aVptLCoTQTFXMP4JoAgts7wynPPrP
380,1ASTgCtgqMm3UYkTV75DLcwiMVDUcoKYgi
381,1ASeeLSBJHxJPzu7T4xMfLX7gsuXjHNqQA
382,1Atazgv35oGgMSh7ZwF8h6X1JD6acsMpw
383,1AU53HpZa1EHGPD61aq5e6i8ZoKFoggy2A
384,1AW9z69zW2Wpg5i2gFs9YzkvZLjzDNx5VG
385,1AytsTzPDHvgrRc4ZFGRsNUFd6F5ofnDky
386,1AyQwFzK7uradyRta7dLzCL4grqPsqiah6
387,1AZkrixvnuLrbF8NLPL7PSKgdct3BMCn3i
388,1AzuVCVXbzSKT3LEkRssU38WjDFnw5STen
389,1B1CRWiScZij2Cfg9BLbjZfg3K42rV6ZFp
390,1B2LegPNJrMLyRnNZTrQRiNkMx4jfFMV5j
391,1B469VR2Mydk2hyrvDeGzk9h3hBuSeieZE
392,1B3P36e14XiGYQYxpGWLHYdhBq4q8heUGh
393,1B3S5q3rnndFrqs6cyLTNRSFwB7YxHQ2hw
394,1B4DGw2vXeM1q61fYT5dAwLk9tQp89wMWa
395,1B7r2BmBbj3FNjMo1kBpCcicYMaoHM5ujg
396,1B6M6gGPwEC6Kcu7AURng2H4e7Zcs2GgDV
397,1B744SJycFuWzXJDUduvQRYLTEtpv95861
398,1B8PwKQ2kd8UxLXY1dL13KWA9u4Gf8B9Zx
399,1BCvJxCMRuiBsM2eKbe4LZJisSyiD9TeJL
400,1BCPhyQm4e3Y7zwZZT6errrZtwXBzNM39H
401,1BCPyR47y1rf8k5oCFmK8ohYMMDJsUyX7X
402,1bcwdfcfBsm1wWCoFwjGZdjTQnxsnmx2s
403,1BcXCa9J8Ba7HXe5cesTeW5prJjfc1VFRs
404,1BctXCRT67umctU8fLgpC1v1cNdKN52gRp
405,1Bewi6FfJgsHpCa9bW4ACNRWyBZi8G7wUo
406,1BexuzioQrY7sbRkYCTAF6kyZaVzon8ctf
407,1BFERyNd4A8vo9kwvb5qv6JfFYZHXnbBJk
408,1Bfh1NTFiD2XeiWT92ecQ3pdxT7arFQoZN
409,1BGhNfxBAsNRXPTfA3nkC54iX1SFuNQkMY
410,1BFUov8hebySGPupbborJRpGDMYWeiBzbv
411,1Bgkks41rMtyAYDyw4rp62E4fePKkng3Cx
412,1BhQBMaGnMcmRabaarKq8UU7LbJQkFzFqf
413,1BiB4eF7yRtoNDXuNCmkPThRDUgbKLP916
414,1Biu1bCcDmGiwHQmfTjp2JPadmqtWzfsBR
415,1BjfLEy2quWfSurobBU9b3CKDynGFSZR69
416,1BKXgnPKV9gDi1XUFoHN3vMhRNPsSEgQe6
417,1Bki83GU645SCnGAMwvf8j5e6ZsuREfneG
418,1BLGwhGskxgdtS2wcr4UiYSArKt5cPEgbS
419,1BLjxFHxU5Js5fM66hFiY8N1hYhrGdaa1w
420,1BnDn415dzg84S8djC9BrtTW4XGdorrbUX
421,1BnKesZAgxDUuH7tZu7xTFBmPQAGkWmjq3
422,1BPf9qr7M5xUgNHUYtrQtEKvUKcyERzXao
423,1BQH9xeALMihTbjrSqFJBhaLdWn1NcefSi
424,1BpuRSZ8eBNbASjhrxfzboPJ7HDhKK1EZQ
425,1BQ44Duo8hdBLf42pLopzmCXAJqFqBCAtw
426,1BQAPyku1ZibWGAgd8QePpW1vAKHowqLez
427,1BqBCWZUYgsUhD2MAgA7fzKDYX8i78qey3
428,1BPyR4TNLebFTM9175FSY3PKSG5o4EMo5P
429,1BR23BbdVPhCLWPczy5VFXFvExQRHw9xV5
430,1brU5nteeDpm2bdad4u2HF7b2xd7sBNhY
431,1bsJBciu1XwDx7MVompbwmwHSSgyQYh7B
432,1BsGWEgJdTWWecUxFaUbCTdpiDv3rBEQH4
433,1Bt4wpri7pfiZKrTNYyy8jp766XshkpbN5
434,1BuxrkNTqvXoV6oiUwsLijkZxNdkavfMr
435,1BvS7psFmT9KJQbJpPXxQ64tkBt8tQs8mv
436,1BVZEWkJaeJs714rj5D7YCkYvEw812mgQi
437,1Bw7JgyscLkQPpMGmxQfaaJfy4Z5jGdBj7
438,1BycHAmEfnDrdpD76QSUcvmuwtBGAvvVaw
439,1By8KEnwFEYu1SLWBYiAtpUJQwvbXiZ315
440,1BzoiGy8svjbzLp6euXT9UNCjPwR95AsyM
441,1BZHTaCNRJpG62X1gf6A1wkcjXzAgRphjY
442,1C2mQPRbiXYo83NXbXViXAefqa2aqJW4me
443,1C2vHTRLGCdWT46zj6phtnRGZAowHNXgGY
444,1C3G8o4EvUXDdJbKAAHCN9tV6WvZxLBJ88
445,1C53nhWp54gyCRtspd1iZHm7jFUCsK3tLW
446,1C6hetVWVXZnS6P2BYBNu5Y1ZJ57JyXGac
447,1C87wUmJXUzbVgY5JQXzDTo6BdeLdk3kgu
448,1CBe1cAwZvEAZRAPRV1YUnf2XeMQ22V6H7
449,1CcWVdkTjPcuzpAHKmSFHGUSVBNtfbDW8Z
450,1CCtNMgsYc4yqcEjFCgpNJysCNQEZf33H7
451,1CePj2VutmuUNYVtw8PC3vo9kkKe6c7MPG
452,1CF4LJMNAJNiDoQUvjMEavpm2o211jyrff
453,1Cg8DZaPiLBtxctbGyrg5Dn7oT7S7AeVP4
454,1CG5ksDeqDVAgwvHpRuMth5mgoowWKqjvg
455,1CGfWFQRWKq4tp6CfadJv28KRNHt7QXbzh
456,1CHYLpXujbTJhUK7Q5GYX269LMteVmSB3b
457,1Cik5ESPsW8jxNgxu5d6ML82rUCUBxAtph
458,1CJUKvRJFo8pYDwPCiyXkZJvDxtHg8E3UA
459,1CKwonc7xur85Z9TBNYaJB43ADN5VHkAe2
460,1CLrNeB21HgPs259bsMpG7TFzxsS7c7DWv
461,1CLKSTL4tEeDHzoTBw1UTymqqAxu9KxukB
462,1CMKz4TZGxq7sqqDgYmpAk3qqkq8B6CG1p
463,1Cn5TUmkhfKgo7wxTgrHUi9VTQuuTYf9VA
464,1Cnzw8f69LZYZ8mozyxCULFL2BAKtuvtzM
465,1CNv7UtNPbdSsbyMTpwVbSKZNVBzAGZMTp
466,1CPwM1sH4JBRooR7ZGU97wGnf7H6Gi1mRC
467,1Cr94XzmxJFHji8iqDue34Kfk4o7QQqkcy
468,1CQHtaGcKp5w8377vaRc8KeqqfzvYKDzLv
469,1CQyFfVAUbdcmDFojRZsBwgKh2qPoMvBSi
470,1CrMJZr4pe7ECMCiDuwyzcAp2d3CTKDY28
471,1CRJ5R5qeoJx8ag7HxpnvSyMePiwGZXQoP
472,1CrtCw6HdZN4wk7bDRkZuqR3XxyTvCCoRi
473,1CRYAn1GBwZrodkmNdEJUZWJevH8cGmK1t
474,1CU1DomJ5WF2ZcNLKrZtWCT44gr6J7E7ze
475,1Cu7K5GtSn3msgzbqRiRpbryxAZyyeRBZB
476,1CUCH62gart1DKbxCBnUdFv9d8pxTz6TdG
477,1Cujsas6pzmDtisEHDwn3LnL8tph62XwQ6
478,1CVqakpzKYZ3nE81gEA8WYHFCzpYGQbWVF
479,1CwtpwTRK6nVigE3xHi6BMTBwm9d6J4rWz
480,1cXAszASAVN59sjJa2XpvEQFnau2ZNaUW
481,1CXx4eCqZtau2Wa1fhAagtQJbmaknWS9aR
482,1CYLeYsa5Qhn3YsSBNXATqjhPdf8WSSwUs
483,1D2X9RSovbXShEi6vPDh2BZfKMvcbwtAa
484,1D2J21peXKPKoiPH56BCJ3b9iVqCAr3rKC
485,1D5dk4aDRrifcJDqNoy32zKVfZekFNYQmv
486,1D58rbG9cqVMGgMCUoRvEfU5VbBn6UVrXs
487,1D7csJRWVxBTTd4CBJJk1dfVT3jvv1YTCM
488,1D7h1ssHyBSspLHAFDMofZr5DCpZyJ5Sje
489,1DAnM44uk9DXho3pJ9JN7ZHJohZ6GaW5xH
490,1DbHmJQwnhE6BH1gV7gSPPfpsS4iqs6X4y
491,1DbajPKGm3Rdmtd62R2XySUao3pmdoF5fm
492,1DbYNvq4HgX5Xd8MzMMqgVH7iQXZHNxCF9
493,1DCB6xazfsgzDacFFVzdSVMH8yFsfrUDsm
494,1DBuxZa7Cb9UndqLxQ4rAB2eAxvCQqhhU1
495,1Dbnkv8TbBgr1gPNqHqpFDukX1GZG9cviA
496,1DBnTpRRLMMh8BUFv2UDNdc58XQKf27poY
497,1Dd8SY3kGRhrHabbyfHMiu4g9JFeB7YEXe
498,1DdueC9hhB6UERYj45wZeg6VfV94U2Mo37
499,1DFbZ4HMmFNTZXD7gXNR85G1ohYmgaCgrY
500,1DFoy4jibFU7xBhpAjCdWUWy35aVRmWaJb
501,1DEtn4qGbHa7JQmbDmpeD9DLwS2fexaEkz
502,1DfdzBdxZNTLPqJTbMMM1zJd1XizUaKSfx
503,1DFpUpo5NCb5knSewp4ckiYPQfypFqBD4R
504,1DgJmdnzc7KBJZXKMmUcW12qUZ5kSQX6RA
505,1DHXrMLTTBtDPC2Q17KKF8NQc73Md24Fsm
506,1Dj9VaQnKN6F37eCM1jyng3zmRwEHz4js9
507,1DJdvcXi4fdw7w5sqMe9WBZazYogBpFa8j
508,1DJFoXTukaRrxZJdWNh1iarrgUsWWrLx5h
509,1DJkPgewfCdwpJhr7LBfkVSgtk383aHTnj
510,1DK6geM51gpeo9AsZ4Ds5bs4B1GFTxpnYz
511,1Dkc3LF4dRu7zU3W3tfHqB3Yx9Q3hpCLRk
512,1DkzE8vYLrBGKwo3iFd1zRKr6Eps7BLiu4
513,1Dkwzdj5pUCGmvNhYhqQKvhMJ6EeFVy6Sf
514,1DmQq1SEC14krboNDuW8Nn5Hvys7U8TGSD
515,1DN6uaZYXh52j2bczgKrgt1UXnkG6VRPnr
516,1DMwsZthLvo38dSgxkNJ985VrD4PUK15em
517,1DoQ1iu1Y7KtE74WBEeApLpCTGBYEN59zy
518,1DQGXUfTYTHAS8H61DQFNwZD1RJyCZjoUa
519,1DQ3E23KnwXucAnu7NPib3faapD942G7hP
520,1DSAmqnvxc7LjE85uCgoka9Aa44AK4HDFH
521,1DT6Z6K17xPp6fw9RK3XiiumHGzxfUD493
522,1DTnPSxe2ptAenYbNbEkgmscyokBzbgH9D
523,1DUTj91wtWUY6sXbubvetM2CRk9CL1Fs9G
524,1DvtZ8SohUrTbBEQYh7HTh9KJy24Eyd8D6
525,1DXMEuKvfZpw6EnVVJpbvASF37VYyfXNAN
526,1dy5F57D6NguvH6zWyLdBsFQ1h2CVLqFb
527,1DyBERpX4C7fDPQuVoytzQ4gKLWiHquBLh
528,1DY5KNkQwEKnodpDfXsHCSsU6ahRWKnMqL
529,1DyfdNKfXoGQQyCSpXtHFHsEM87WhqBp9m
530,1DYSyNzj6Syh98faeYjK65auEQFNSqz1fr
531,1DzbP4sntNsTDSeiPP9f7Uzkwe5ToPQ8Sd
532,1E1ew3RtmhtVjpoRhmqgMRjTaj9qf2bGLM
533,1DzXRD1xMJ73mtfrQdjoyRShTnwJg32DZ2
534,1DzzCS6xQSSKAKrR4VixEcVy7AXrJroET6
535,1E1jzfvApXUemtJ3P6gy28keoxownGaqbY
536,1E2NwNbX26R4nZcQSbudzb5nSYNHHG4fY2
537,1E3J9a86tGxTJC35xn4gr2uUFEooF289MZ
538,1E4jRZWfX59aTPfDFo9j9Gy5vz4Zzc9fzA
539,1E6Lc37UosUfxXawpttTiCEdhcSbdNGg4w
540,1E6mE7eAvvFfC8tVMC8Wxp3ok3FxRDNF8q
541,1E78eJTmHGNkzBhHnLoyTFLy7k3xsEUtfm
542,1E71Q4BM26ma6ZJnVYiPnrN9Anji9Cxxep
543,1E9o99d8CsQe9F8ipjd4MrhmEgPH8P16rp
544,1EAfSJwvzkzKRWVRphGQFemSzqFvncAJjr
545,1Eb4uxhDHsN7a3BGmwtg67qU7rwePbYnPy
546,1EbfdNQqPy3UM3G1FxT8BJxeGJSB4RoLdi
547,1EboHE5GK9iGeAJCBXZpryEdtE4rEqfPPH
548,1Ecq8eX9vzAbqTYY25DWM5VFhVwbtUWCsN
549,1EDcKCRypUTFoTZbxDWF9MBAT4W7XUGB32
550,1Edt1XrbzkjgG5JCt9vrN1aE5PQd19UesL
551,1EDkozLz6Lv3pqqVqWwBcTHknFe3ayM9m8
552,1EDZC8T7p3ZQifvxBMKvcjXyMdnz2zQiPZ
553,1EedzqKxzMfueZdw8gJk6bioXWR2Sft6rK
554,1EerJXe1owovooHzkdECY4e3hbuMiQV9vv
555,1EFSNQ5nHuv6wJqhsKwvYKgrqjQix3JZo9
556,1EGiVqFryAKn7qJjzJxLFCTMqoD2dLJdoc
557,1Eh6QyB3iUNdjpVv6XFNQ6RXrWbodjCtKi
558,1EgxBGRjub2naHYtUNTZHP7RndPpKWnsj6
559,1EjMs6TAP8yfgGE5NUEEHKqDyr7u6et3WG
560,1Ek8NEHPCLQ6vc75uVicKppusvaRf8zyGC
561,1EKZtvthikGXa4A7NezUTKDSFsgDXnrThJ
562,1EMrftCg8H2DCpH3zbvLYyPkyPsaEvwNyE
563,1EMvQX5E3CdFEYtNkkMXPUXdzt8KAXqjY6
564,1EnX6BuJiGWydqXJT9BN5dSvfLg3QW4Mdz
565,1EPofaKdyxHkqnj5cQzmoQ5N9krUUSKckg
566,1EQ3bRVN8wLGY5fyMfe2SeY1k9kSHWqNBN
567,1Eqc6xctrq8UerC4Brizz668MJSyWdtEYK
568,1EQFWyM1gTus8cnuwHQErnaED3um1py2pF
569,1Eq8RtG9seE9rcd765CXJGLsK5bu7BknUX
570,1EQXfarF8K7pgmHC5J8QxFm2tMGomJQf2N
571,1ERzx11sFt33yfFELrPQgefYU9vE5cqe3C
572,1EsdKFSh3krspoH3NWDXdUsnn6KCYbMukd
573,1EtoXiQJuMsF12TNxcrErZo1okwcwoU9Gq
574,1EUiAgTAAD3HuSThXd8M9zBtTNpZVEj9UL
575,1EU5uUoXMUoNzsUCUhFwupdzr7MnkGSUCn
576,1EuvatkXeL1XqyFfJdCzGXW1AXkLFT4TcA
577,1EVTZmTMqZPMzGxsug9TXBtvPJZH8dXSCK
578,1Ew73MKgevT7nDVfHXvUKgN5KLphGWGP7x
579,1EvVpfMa9foCwBymhBGbvf7K9zjMx9hHUH
580,1Evo5dTPupKxqCkkMA9DjBTa2imGQmgYWV
581,1EwsdqP5c8qbTD5nAKT2RGTuwV5NDa3esj
582,1EXJGG88PftSU1QWVeWrUzc3BWsqAhoKni
583,1EXk818GyCUSBW9B46bY2GmDDx2zwrFb25
584,1EYya5dfNvuYDwpeboGKBtkXzJcEHMCQXR
585,1EZSLWH58hkxfZjUekecCpZ4LCxW8qk98R
586,1F4cSfHzBCNDbA2HMAtN5tcteUMQAZ7nZo
587,1F4GtrmJ9zEsrcMGQ6Gz38SM5hxztQWrz7
588,1F5AiXct39hNt5N5RX5cstr45QNKwVwiVj
589,1F7mfkdgf5ZhUW9j1BdiHP2NVrGXGybiVw
590,1F7VJprQRDkEiUfCGX6gErmXrYcQrh5EWP
591,1F92sycHDZWVyMDkE6vDJZHgKT8ugPnjvh
592,1FAguzD3YqPGNWXyEzQasJSFZfntCcKMw4
593,1FaMA59S8qXppytCdfhmqMGrFww3gVP2Ld
594,1F9EC8ytrKk2x4CGSJpwvQiy4Eb69wQNVJ
595,1Fbrvm4iMsGnv4uJ2pJWx46FQYMHzSA9vR
596,1FBVyVm3fSKbxskeXDyFNHeXiibNbTabXR
597,1FCW4g4iPbFWApu2rcgCG7aeZoTunniL2A
598,1FH1wtKWmBmCRywghEeswTeN39avnbc1ew
599,1FGdTbXVca14RKcDdVBd1kLZCcTM8yaj22
600,1FgmaUkPDhF3SLYHRs6222b1ged7bCVPVC
601,1FHgEAEByUdh4SEh8W7MaVHNYKki6uQ2vj
602,1FjUhhoYCb2iB2B8QrwbjAdGSuTPDbjGXs
603,1FmEa3smJ7dNs3zk35iLJZGKSp9X51KmZh
604,1FnjsGpFVL5nxrPJTqbJ2iVkS8fZg3hPVb
605,1FNGDXXTR5vBcvffBMpgFbx4T7owrwYGFF
606,1FoG9ELbskGpDtUn9NtaSYL68op6GAxxUD
607,1FonDjMnyruCAaZSnyfXwMrd5qF7Le7ZZe
608,1FpAZtXspuBdCwCNympGvjYwHvYBvLLQe2
609,1FqTeLGXKUTg5bzDk9kbCoAKMWWVWBwSi7
610,1Fsy8WryQHW5ASvMhMrpuku41XSWXtsh5t
611,1FU6pNSPBbpndChHgYak1p5Qu6Ar3bVkrm
612,1FtKaCS2UYaNeBBrx9N1W7MuGqkva3H9V4
613,1FtpfuREcgQivyQ4wpoeDxC3zJW1uLf6u8
614,1Fv9pEor3XVFsWU2PWKanD6S2QrBEGe943
615,1FWBjhzDaRwiEYWpzLwh8zdVPq3ds1GHMt
616,1FxPSRYMCJxqxGe6HXtcvNCxY93asAyu9m
617,1FYXRzE7CeZFANe2Vre5F5NA6Yw2WDCjdu
618,1FysUjCGVNZemxz2YeUvVLnRAHk2hx4bmt
619,1FZWdpp3wtLVrizDWBwvwbydmG9M2zRbh7
620,1Fzi8hC1ZvjSZDJYmwApPQqzSaYRTuoHv8
621,1FznKEWw7wFDK1FngNFBJ9Bz4vUapZMtLU
622,1G2z1fUUzB21KTk1JxRRH43jiEax8ZGhH1
623,1g2s5qyKrPa96YDDgbRL3d2SnNqXLemQp
624,1G39e2UoPPFsrG7cBA3dWu1EiiKDJcHeWi
625,1G39th4r4RhkzAZbAsxoiEHvmHmNWWcPDg
626,1G4xZaccKZCBsnC4MY9QCRT77GrjQ5TJAF
627,1G7z8m4M7e1U6Tha7vxShvanaR83K8UDEb
628,1G7d9AJBjwtsVfL73bJ2GbokQqqpDKCkXK
629,1Gaqus32iBPEv5uGZ4rbkCLrDnSHiZg5Ek
630,1GbhBxHg1saPWNYe1YDW5De7aC3ymfZehd
631,1Gc7VZWt1aPjRT5SCSLrrYYv2CdZuLWR5B
632,1GC2SjzCyCwxo1uxTi28oqn9L3mJj7bLPs
633,1GCoNbyA6xRbDCo6sCZaXcvgCwuNra8Dvg
634,1GdJPRLB3aM71tkQzWvUz4mn6xkvsFSA9Z
635,1GfaJecaKW7yZK3fzYp9S91ZeDUs2j1RV7
636,1Gg25VzQkqCizXHNSNet4RoysLEe19su4s
637,1GGhbEkGeuPe9FJV8vqe2V765QXGFRXFSb
638,1GGhDdFzxQSb7vb17HUuX2KaAngyaGDw3Q
639,1GGnBJ29SXVKTQCdhaR9grbmPwcLWL4tC3
640,1GhfP7dtoo191YJ53hHJWf1ssAvE1aA2n6
641,1GHrRCfeY3vaPbGsrb97YM5uc67xCsVdiK
642,1GJ3NJwaYGBGwkfb3KdgnDZoNtF38HEo8i
643,1Gj3qLpTBsGWUQ1FgqHhaB1TG5Thb2wSoA
644,1GkBX7wq7FXWvpW22kVpC5GhWoLbMns4M6
645,1GJsS5x8d87bPPbkrGQkhp9opg77a2cSXu
646,1GKG1XnfHxoe3a3pHLczbY4fUrnsJZx3fY
647,1GksTxjtdjvPr28KWfB4zLLNRvzDPK48Us
648,1GLpTDPqaRMpC8QEArfgBxYMy6U68zpDwS
649,1GmH4hFCvXWXvZR5HeYtQNCXzgJkcx12mb
650,1GMX5SvWqAnZCzo9Nuekt91N12CxDkyvc6
651,1Go5VxAnwmzdXDJyrQqKqtxcW6YPf4AYyi
652,1GnYLXoD4Uwa1QR2fkDwGXFfDKJDTokvds
653,1GoZXekQ3wvKtM9SxP51mg7XFxNGdgA44a
654,1GpgavBcoMKLkqkqNN7RaUeEUiXAWg1Dez
655,1GQnC5dV8y225dUL4BqZkV9tkx1tLuCkBC
656,1GqVrGhYo8YsCcN1nbRVSwinYUKL2u88Bw
657,1GQYtQR9LmX5b4H4ExhrWrBXhs4aisVmL4
658,1GrmStLSYc7WB1rGhHJNUiXicf9xreyEYg
659,1GRB88hH3KTj6woiCsYgwRJ2fQGNT2Nc11
660,1GsP16PQtYhe3o4LRSKqszVvVqLtv338sV
661,1GUMT7NakMts71XqNmq1XrvT1UaNS3pHDp
662,1GvaCfPzLRGLto7JD9DRQsRH5TbwVcLXNo
663,1gVM2LtBTCqatTnpHwBzmkAQHW8oAo4wC
664,1GvyhaUT2Zcxbk7pGa8r7ahrSwKSbi5ZwC
665,1Gw1zSkgucTrovx4NkYi3ewDeu5DmF8pHk
666,1GwXaNjy75DDbrWnKqRHsZ7P7xhg863Nyv
667,1GXicLHsRtkpHhMxG1CTxAF8jz7VjTZ23b
668,1GywwYv2W79XdAY7L2k3y4yaj9pUemSkVZ
669,1GZR2Pw498nuStDogK8Si2KLwm14achzsz
670,1GzbEPLXdP4Zyd1ZogyUqdxG31AiireEov
671,1H15oLBF7f68FDwJWYnsUjh59QQwpVSELS
672,1H3nKvnrpFrziYM9LEYivanBsnhxZUFzTg
673,1H4vD4jtDr5PtF79aFjk2Aj3zMznc6Jx5m
674,1H3EQ7oHywx6y9mXTWNFxiuLPSZGaE78Jw
675,1H6guc5HJNrEHBXZtrYibeTKRcAd9Zmzan
676,1H4HzRifDhHyarvc2PzDJ6TUQRTzZ2KFa5
677,1H5yS5XZ699gV7yP8X3cb449K9DMxi8ir6
678,1H6NfsrtxnndDVGuSaxqagQLmz3i4Dcdzh
679,1H89e5KXbkhQZqaMeKeoE8DZTupX5w5qFV
680,1H7zzZ7ddwLcmAJm5vCQw9gTAgRwvWH7iG
681,1H9wpEcWgZvRdS6S5GQL6c8K2zTw9QJb9b
682,1HbPgdHrCdjAHD1yUeCbDfSGwuBT7sofVR
683,1HcJ8DMfZ1q1Eo7NCuZfGXptVLbGmDY27B
684,1HBNcLducqczpMswLzson5zmeXX7RqL7jz
685,1Hd2qg3CceAY5NPaBhFAfqD8oXKk3poZKb
686,1HCHDLxawBZwsghmNM7Bi8KKgWJbkLKnoD
687,1HcMCPmerv7x3xD9wu1w25fBy6cGRVFJRP
688,1HdVyGree5WEcDCmQCmmsrR3FNPToBez3P
689,1HEShpJ5aUfJ7Z2G93KoNK3o3u7uKQ5PHJ
690,1HfpwCGFeUU7E7USmp4xPWHCXj32gvhJo2
691,1HhJfRFfcaDbWwhPAydZ9C1WRt5c4sNCRa
692,1HHorac6zzQzhvr2wwR1TmuoForovjfFPQ
693,1HiPxteAsnHg3MLhjaKqtTrVtud5xzJsTa
694,1HHuq8uuGVDB5a67ZPzoAXZYryCzU55P8X
695,1HjLVCscQQvActPZarXUyXmH8XxnLHoQ1i
696,1HKBbyngNQnQciYytzV9jNxbV2tYyMgPQQ
697,1HK6Yjf4mbFAz1Dojkz8eDeo2u34HwXbN4
698,1HjZHNQjDDshV6HMu5dj1FvYQEdKfUdPba
699,1HmmhrQ7H83w1fToyN3CbwaQzTAPxMTeRp
700,1HMJhetfbxfDMC5psgtSwLpM9DPXq2fTYX
701,1HNmEFcYjxAXAFDdgUje2hBevbPrY2FCJR
702,1HnePy7Hb4i8mtdWAbMtLYEd5SN11hNTym
703,1HoKdBDt5X7ST9ML4KasfEAcBKWwg9vkiQ
704,1Ho4d7QghpKv5M9A6TB2HM48vKbRqBJn7f
705,1HpC8MridEXbP4Y7odX8xG7EvCTq4aYYUs
706,1HrttHcMzjuyYNGMJfevsZ7SFaQHkc9Jgx
707,1HSGc7uEz6q3c6rQ92VNfok4XKiw1BALDw
708,1HrYwfGzpwi7mGGPu5z8831nidTya1TFFt
709,1Hssy4BHLJGmGzNDxMEEiJ7hsVGk8zhnk6
710,1HTFdNRBSoVGQmVCNTJ82vQxMd1Bh8Ffc1
711,1HWnH1p6QXvDB1YuB3oKGMEff7eVzgfx8H
712,1HwJocQZmt8f4iUBLu9prb8Y4J4vqcTcTM
713,1HwSc7oFiqd6DK8t3hsp6pZLY84FGzt9Ze
714,1HwDrwZ9AhxDD3ZoSXumCWvdrJAAXXrMLf
715,1HxBGy2UPCLVBUiqLe5Xu8xdU3DCLzH7Ud
716,1HYkeK6keUwx36zPPMKUSNVATEKRpjbpBE
717,1HyCnrRRhAyFVfCCehhKV6128JWjTrGfh7
718,1HYqZLPShC5LmgFSRB6vVcqHFiLV49A1SA
719,1Hzf7qQSPS2cgAegsiF9ePbU91cEqcc9bJ
720,1Hys3mriDxQv5CqpRe6wYsDjWukrSUSsKK
721,1J1KDUJqWHW8Wg2cTXY3fWN5Y91izEfrRK
722,1J4Y4R6pXfGjPnFTG8SgNEs4LXkbSoo4eu
723,1J4Ju2xpAYvZnR6ck9TArH3R8uzxFCmrG1
724,1J5UjpyHDocTCTdTqFaUJe1HA8nNLg8FQi
725,1J7pbWcxEDRurN1wqzmgKvivYdRGYQBXRG
726,1J98fyTT93dixFNCEhM8fELkvWFEi1aCas
727,1J9Yhu8VR21H9n53XVRNs7YtmjtBHe2qvy
728,1JaKPkn3eqDB9mB34sKegwZgpmRKkjnpQo
729,1Jb1M73pXMY3YS19t1Rhnnzxq9sTF4w9P8
730,1JbEKTZciGaBjcpz7RzxmH8AVQ4tYZwt9w
731,1JcmdCEPiZuEwqYZYudvQt4xh1MsdkUbW6
732,1JDMPq9iu8eXP2f3WW8QAQNt5wjorzVTDH
733,1JdySeDquEXSuyyeiDPdJy11BtvYcopp6r
734,1JenZhTic7LyPDa6G47zCifSegRBSPgZ7V
735,1JEBtDtrWn2iMjtpjMZmddnpM6jQSG9qZz
736,1JEgJ1TZUoESpHX4tisbZcGwhF4swRcfit
737,1JeKeuQLSPh6tjtXMHVPPWKH3WG4ZkTevx
738,1JEVvtNfAm3itFy3dExZ5gHgkXAGX54d92
739,1JFXiEkWEKVwrQQGhLbtdVaJKP1jPQq7vY
740,1JgEzgK1TYKP19fgE1vbZ2Ny4FH33Ng6oG
741,1JgZUCJSa7ecpU6ex8M2J7PSzUYguTbQCs
742,1JivohdW6bgNSYZF7EUahU5QRRWdAqUwb6
743,1JizWisk66noSWbMdg4i1xyUbMsBYEDCrf
744,1JJoaxFY97aNzpug7uJrwTvMZvaBEgAA5g
745,1JJQceg2YZuCsJxUvAAVwU2YH4wDwxQoy6
746,1JKEkXU5jqJQK5N76VuMDRDBy9GsmdZzKk
747,1JkPYqLumAquWQ4Vg4T6rptqM89JU6xYai
748,1JmFRgvqXKHBhuHwJhLmwLg4SKjKhJjYWo
749,1JP3nAjKn44suomURJJV32pJNwUYHPAVyn
750,1JpsjHHH3bvifWhV73SvuPpAideU7cK6Sx
751,1Jqk19CcavGt188hMwBLWoXwWE3MwvYbzC
752,1Jr6zxQEJes6iqsaEbAPBYXBdazAY8FeKh
753,1Jr46KUcVPe8sjSgVp9vSCYLB9XYHCqfWr
754,1JS5rWUjArCrZ2guxfn6sJwfUCh6Yyizzy
755,1JSpprRpK8qnpgXeBaUdTxsmJ8eBcaiUFg
756,1JtPmUfEKBGptxfSohk3QtSkjfKVed6Byu
757,1Juma7x7mEi5k3bsYzHeNyCumpS7QHzFyc
758,1Juw2PS19ikRLGTPxs7uDfyoWAgbrqUQk2
759,1JvNJ7gjWnY2WHitHHLfZa53Cr5pimjVJx
760,1JVbG7eREL3bbos7a1wB2AbVmUn144tLKm
761,1JWamRVaNePUf49Ef9tQf1FAVCJttDb8vX
762,1Jw1dpg4ESRw9D63sF6RTUdvcTUefLx89r
763,1JXsYppQ6HUhmVG2ShPUn56pA6Zrs8iX6B
764,1JXLhhp2S8MQtr68SunQtQuuLXwCQ6g5f7
765,1JZPg5sJUnCkxMQcygNkYpiHrQ7zAxJ5UB
766,1JyTtMCRiPKAjYhFAmqtE46SqjtPiMDivc
767,1JyXo7VuLk3w7KQmK3evkLW5q6bzeMnN17
768,1JzmzJpUULRezVsq1y1n25ycenQwnR9vBx
769,1Jzwp1ZNbtNZumQFKQf9uDqJhKqZ9EusFs
770,1K3qN1fQzQzcM3adRV3MJbTjxfAVg81xgR
771,1K8MYcEUzNT4MYyMRwak8q7mFUZ48gngCL
772,1KAqBbjKKayd4j8M7XFXdPrZnmW52Lz9mu
773,1KCB2bhphe1iNgNyVUD45e676KXW4y1Equ
774,1KcyKTVGgdjQZ9xkju685RLTRU5yCjNzeH
775,1KdJ2aN7pzeSb2o5jKpNZpR2efLPvZj1q5
776,1KEV3bFfBLo7XFiu3MFwBm1RAb6aj4Qk8C
777,1KenpzQdqAcZpbu5ot8XJA62XSd5Akd5kR
778,1KETHszA41bY5SP3VFdvGHydDCvuc5qisG
779,1KFKt1pcBabA7RQEbSoAX7VuqDqLkb6wH2
780,1Kga8Wq7h1yEJ1FTkT6bW3QiNKAZgBdSkL
781,1KfydnaysonedSkskST8H3sLxYsHJnZZEk
782,1KFiRjjvE4rtheuEYGo9VeDDBvGgmm7nRg
783,1Kgwn2o2nqDBEMeS3Kgg1N2M2cuEYLuFU3
784,1KjKLQdFPkjriL3YbHgJ3pfKpgSdVYkXS8
785,1KKJTkfmj3sWX2pQPMjyXkkxVqDe9ZZWbJ
786,1KncSvP5755PcsD2KLfXt2FrC6MieKvan9
787,1KmL23FrPfWHKpXPz9b86sixNVUSUnvmuF
788,1KnNFHAD9YJPj7h236XDhnGrHvfma1pG4V
789,1KPmf9hgnruC7NzLtQacCfSLS8Am9Kj15F
790,1KPzgTazT7NcDRG2ygTi1Q4VY4d2xUoZEp
791,1KpTsoFMkgDgF7nscE4Go6vTNJ7S3tnNTj
792,1KpxjPmytdGhZZ8cBZcuZsjPykrtjTYdGJ
793,1KQiM772LDcWvBQbZwVmBJTn8w6Bh9PHsT
794,1KTCkfKz866kf59zCN5SRHik8dkL9KZhqM
795,1KsCVM6aBaa4utpko4ZWaRkrRqKsywdwzX
796,1KVeqGZoSGsCmc33PhcXw3L4epUNhAz7nm
797,1KuxKd3NHLiCqAWngyxKqyfrtvx9aymVZ5
798,1KVJjQM9Z1m6ekoPMG7vtfbpRcvRYHEGVT
799,1KvK4B1zXZrHuk54UrU4ens9527YY4RVNb
800,1KvYaSYmBGPegcn1amD9Nee89M5gZKC3q
801,1KwzBY7xdGMAXGfin8DmGQnz8YCrP2hTgK
802,1KX4SG6rcGungaGumEGVKnt8TUhQEqyeTx
803,1KWqN8o8Yn55bJYnLd31witWgq2Wdvhm8
804,1KXmmj7ceGspcLJiH39bkR88SjYYP5wKUd
805,1KxJRb6rtxMTug5WGCiaLoeRv1qDmWXNZ3
806,1KXZbD42aWzk8ehSYpzZMF74cyUnsDk8av
807,1Ky8J5oe2UxQajaduQ2op2h26p56M71BC1
808,1KZ2oSjpbH6fffDqC1R2eX9fvHcM4NKY1D
809,1kY3gztzVgoFrxWSSDmiAtbQgJN5wKU3i
810,1KyUTNFD4kvo45Wsf3aKGJ4hFgXqdbL4Vh
811,1L1zs3u5RnGw7jU5zGzBhDTxXMzfzRWDbR
812,1L2cWVV9xNXjsrBeV2RPwQkMrJ9ihkcFe3
813,1L2kuiGfwf3QGXpLgHDcC1mWejEz4BKLLp
814,1L3v3S27s1ZwgYA5L3F6PKPvomfumpPbcH
815,1L3pSar6KhT7eTz7CETWeZehp9zZr1bqDq
816,1L4YV2zvjjnXfLRLXYAwL2VdpDAttLQEUr
817,1L5qUPoP73cANoc4wUHGQGBSgKhVtFhnht
818,1L7wF1UrqBkzJ1Sgenh6Tb2xgtptSvSwLc
819,1L7pkcpZdBdZrCTkEWQ1xLMWmyq89AAarv
820,1LAniSs2dkNoSZQ5rJn2zji7TDE6SM7dcw
821,1LBLaZ6PLXzVTDCFJMLJtHzkCWopHLFKmu
822,1LBA61d81mtPS4569FM61trxKZjsTZWpSH
823,1LBQivU2rk9CMSZVb6CSfir6DhsuQjuRQQ
824,1Lbf3AvMFkCZmvB8dK3me6yDWwb9pqze3m
825,1Lcvd1ymAXP1rkyhjjFpezMJWkGmZfZxcz
826,1LCWQtiMWfv5B7RoioLZ8o7DLRbyNoWXEG
827,1LDqESW2HLWyBtC2Pf2CaR3pcMgNL4Kika
828,1LeiegJdzdabHso3iPK3jLcbFobaj221uH
829,1Lg1b9iDpzUDCSmrDak2buGBJpgi7xrEty
830,1LfqMFjE231r5iJgPhMeWT5V5kvv52ZhqP
831,1LgCqTD5mfuATyh6nuAjBkYPMmyGiUQUSb
832,1LGguJnYtgD66enUVuwEAKfTXV64zQ1Bxb
833,1LgpTYramUSRKMMGu2LctHaS4pbuG2RbFT
834,1LGQVJvhKA79TDq1uV7Ddnb4NZAhVDjqCU
835,1LhRW1msre1cFgT7fBY2BRrZ4ANMPwVj9u
836,1LHoA6u5jJpJX87jUcvwzdvQeYghWvmU32
837,1LicaLBPf3wWSPmdzZP2odNjf4P3PfBjz2
838,1LJQojAHGG5CTRoapEiLfwFTXjZUeGBvVB
839,1LKq8FnJ2No8tZvrMFgdjnydbn8AAFL7oP
840,1LMwKzMrjyYXqkKnKaqhvjLbwdnoHi4Y27
841,1LmozCJoTCwj3rGhRHiw952HVJUqQ9UhU8
842,1LNk5X5tUoXd1YJ2qNFvLKWAMMeG624ABE
843,1LNhqAoXZJ25pr4R6Zg4BRHqWe8umooFET
844,1LPTaRfyoNwvwAtmYzcetZLjBfUxVkJrr4
845,1LqxeRCgWHomTM8hPHvyiGEABs2ekNu7hA
846,1LReEj2eKHgi7YvTnrd15Di5LoS2BQQmAc
847,1LQmyAoLhVvKYTb2LefJPkXSYNeRDvFU7r
848,1LqMYkZgwHeiyP2Wz6CgwjRzBhK2Gj1CQN
849,1LrjMwVCHZHvNUufRuWjFNTk7EM4J94yFK
850,1LR9rtaj3MnD7XGmD6UoQCNQW6GpaVFfR4
851,1LS6TR1ypNiv1LpF31JyDsa73pyYCnm5xy
852,1LRuFVysGScyiJVBeSRcALoZBUfn8RTq6a
853,1LtK9g25FaxKKCoVXAjiL7Wax61mEuGEVC
854,1Lu3CNBqnyKiwhDSQt6rUYifNthjFUYaJ1
855,1Lutz2ThdQnfgZdbywdJwBEisXxSxnFDRT
856,1LWUcUsNH8rYZ3bc3JMuZ2N2X1rnCjhV2N
857,1LxHpN4AfD4KgfBK5kheKVST1uox1rJCm1
858,1LZs3HULEKxWXzwN69AmtfhDAN8CFcU2M9
859,1LzsbJzfMWoqx28TPPW9pNnDkCbt92LomD
860,1M15VWoVz7zWnhRhVru1LhiSBrhiS5Jbt2
861,1M191fNhndf2JwXDMJYJVg2zXuWCT7kKGB
862,1M4BotEvPzL7Wwrq78Fze8tFtZ4LSMcU6m
863,1M6dMmv9EYUceXXz2HStQmqHpy14E42QMS
864,1M4mAqgaZj1trdNoBd1AThDmUQ6C6rNL8v
865,1M5kpbwaGkpnHUQUq4yVdayCVme6B2LDk9
866,1m8N8HYFgy8rxHa4zuCMihWx3nyeGwRUT
867,1MAN2WznQ7WovhzTVfCGgggTZb1ki3WC21
868,1MBSgLh9RSL29Aj7NJLvE7axc68gM7GqHG
869,1MBzzzynwxCTTnuXuz9DmdreD2pjqiSUtA
870,1McgRyQUwWRtPU5MfwmMpzUmFgxnGAGohH
871,1MBpXWxP8bT7aRixpRYCMrAPedSxuqB8mp
872,1MC9pMEVjkKLwB7NWgi1J6aJwmit5rknG3
873,1Me3mSNVbK2fMASLArsfExyFvZjCpWPP8g
874,1MefDWnYFjkmTHjgNigFEKyTSvxDqbUpkM
875,1MEiVv46grs48twBTcFJFYGQwsGnXmEfAh
876,1MFFkuLjwLEiPMFE1B5rwCi4TpuKUdscTw
877,1MFX8CkuQFZrtNYqz77mwsZzAUzsGb9W42
878,1MGDytrZ8R1vmFja4fv3h5ydVduL6EP4gS
879,1MGZAA3x4LKqKuDrT3XqCwH6DyHGowv7hf
880,1MhFpLootE7UZdGNYbyDVeZF2Fys51aKgG
881,1MHksBxQMPuhh5G3ZNkE1ik9BSjPDCNFp7
882,1MJ7ro4Tvo6xbmMEWUDsoie4v3opA15LRB
883,1MicP953wc8MjGPDvzhsczHuqXDkYvtFp3
884,1MjoMsnnHbsjbCeFkBNqg8BMDBtQLwSE4Y
885,1MmG2EG2gHMiKPz7hDuCBfgmBJZtkeihFT
886,1MMcHzgycsLAJyDxc12b2H3vq82xtCQ7D7
887,1MM1cZKXWRsA5HwkXvPn3kE6y4Y74RCYbS
888,1MMaU5nTrFdPZotfwdbv1wWnFjLCTFbpPY
889,1MMjf2JcbhQ47t4XKGZAbZs82tXkcYENZn
890,1MNFPAXnhhb8WjNds5JRwBKyZv21CpZ53H
891,1MnptX44vUpW3yXyCr2SiGXi2xuaBo6t2u
892,1MoFjziYPWBjYTDwx5r8s7Qe6oRE2o2Jwp
893,1Mp6nEuZLfDj5Ysh7dhbKBXwSBEY4aufYK
894,1MoBk8nK429wPYbVipgGoW6XTCcDctm2Gg
895,1MpHeQaYkkHdT75ukHPDqatLVBrunsWrQv
896,1MqN1Cv26rwwqbVtZ7wgGidRFAH4qy9A3X
897,1MqdJpsuqcRumM1HboKAczEJHRHfzHm9zL
898,1Mrn5JmzCDvK2UecBR6Nwhf9xVCjBBoCP2
899,1MS2gFusJGG3aXPvErdhEM7Wy65zFM9xkV
900,1MrwswhM4JLuE1zwYTzzdYu6bQn63ifMQ2
901,1MTJPCNyhe4AJY7VS1UBZqUQFQaYF4RTZ
902,1MtsBddEgptdNdc9fX6Gvx5yYwscocjKEs
903,1MSwLmMyEhtBAxTc2dgNm9r9eAqYDPZQfD
904,1MTdK9imxVEuW4FpQk26Y4HeUdiDsVerKi
905,1MuBL67ipNEXjaiqmsd2egqvM5KsSzwim5
906,1MuVJKo9LffdzrEz3vWW6bt7f3r1Ep45FZ
907,1MUQVhvEFGPCufXTRqRzKDXmLu8ZMygJrf
908,1Mw7xRsWJdCu5fhchXNuWPffonc6NdGtnJ
909,1MWN4eaeQUwhTQeCh3ngczqiCMX2a6dJGh
910,1MyC8QUpQhLL2oNQ3KvVvo1VDv49eHyGW3
911,1MzdrVMzoCqb4nGKUbNUt5UyzFJTduyJ23
912,1MZQxbWYGi8eeLD2XWsEJ2NQUi8BsCLKok
913,1MZynVQTn3rZZoiXK9kJsfPyQU1rXNgUSn
914,1N2mDqEvb6aruTKeQc2PovxGWxPcf2MCAp
915,1N2NGKmiMUpEsFfk4yNb2mFHfpoETrd4Cy
916,1N4DtKWzJHXKCTHoXYDWsnV8zRMxyi76uU
917,1N4fdqSq1iC4iCo5zAXoU16VHd7QgBDKWW
918,1N6geUm2w2sJ6inFqupQ5sGwfaDfBEdGyJ
919,1N6Q8k3kq4ftzqCUBKEDeDsZe6aWxE4rip
920,1N6QKE7dLVDjvyJncXZVHtqVXiEZnkBzqJ
921,1N6yMxbsX3FERq9oj1CuQ3zTq9Qkv4cXLa
922,1N83aQgSESbapxF8CukcSta4AbLvHDPa5M
923,1N7oLW9C9WoRuRbsH4Rguz6LKTfs69DP9B
924,1Na9E9wrRwa4P7nEUrT9uZvv6vfSQhzsXv
925,1N9Pf2xneV8GRszkA2mL9iVYe8EGwwNt8K
926,1NbKUwXyjee7nd1i1sJmFxjwfNRGUfo7Hp
927,1NBQ4rPSWDjw9podizPZDGzDme8djDnfrj
928,1NbmvmFNsFnjZsRJ8n53PoKWcxS1C3e8nx
929,1NCG8a4utKPVaspe9NqLCfqHqJQVWRWBnJ
930,1Ncua2K97MQPayCfdhTZvtCiUZAdEk2CpA
931,1NcW3nk9Sh8knDMbpnFY4v6WiwnSfkc1WB
932,1NEeMzwwoDcdXQxhen2gqGZDYKty6U5ouj
933,1Nec5mXp3ZrayhQxJcr11o7zynwtuiuVLN
934,1NG2acD78MYjX2oNiusFGujWD1w4qRGD9f
935,1Nhrs1iqB2KNuE3bg8uAf1ppVEYjSjzf2j
936,1NHNtUARQKWgv99UgQzyjAQr8kpmms66Wb
937,1NhUgcLSMa7Pjr6RjMdwzMPBpZdfV5VnRb
938,1NK7QDcMdsbKjDc9vBiAVVE3aYzGVZfd7N
939,1NKws1VPWQif2bp3xwmpyxCUiiSKVX9pEx
940,1NLgPkJZGRSHTMW9BobWWPqj8PNQArfbX6
941,1NmFhbTfcQxF5SHKvN2kFnvtJg3i7zjkaj
942,1NLzhZHuySgafSBenZgAKPXSrSBEWaR6ky
943,1NnH14SZvZsiXJFMhE6pGmD6cg54nwaoSB
944,1Nn5MCjtAbB1K3bkFZ22HtSt7UfSpmLC2j
945,1NnoCKoNDRMMgWQmidKQ2RFs7pqv4v4SvH
946,1NoxMF73EBNogJHQ3JAwd3Uc978pDk8P4u
947,1NoihYh1SH5SyiTjvzzwd2DwyzU49qxRsd
948,1NqqB8ALjZAXVdzmra5EmYATxjocVc1Cd5
949,1NQJkTpwSkGbh8MFJQobuBC99cKsFWd1Cd
950,1NQweHttyko4JQwGKDpo75jpQEDuqWedKr
951,1NRPDW8VjJvFH8JpQUis9CzovqdKStSA8z
952,1NRYVoin5hV84TeoHd15H5LRArDsSXWkCM
953,1NRrZ1tuJGmhAohS8dqV75Dned8EMM2qen
954,1Nss1nAtkDFheCVWs9NNqrv3DL5qSJxcTR
955,1NSdyMh95dGDvxvVh9uBrTExgpVQRUBGEK
956,1NtwamkPAQVrx7uq1iBKdD8Pb1BuqpQNSQ
957,1NuLd7ck7j8zC3dqCNMg7ChSTsRRDkUdgB
958,1NvDYA86Qnh2fPsEGHRq8arZK69hwaCo3y
959,1NWf2dobJAFM4kjjv85HJ1ztGgW6bkn664
960,1NwqtHutxR265ZuTWT2mPzsg6ngawKPsQ7
961,1NxiHJuqdkHoXKqg6vFP1tFhzxUrzbBJei
962,1NXJeaPsUW3t23azhCknNibcVWgHtsfuKn
963,1NxXapEU3LxHFEuKYLpfEy13r5TJNTnW7t
964,1NzPPzJVFbJsggjY259Zfyywg5DUQsDT7R
965,1P2QortTGWeLo6kAfrfNiaThGq4Z7CQVNy
966,1P1izxVABAHXwvFuFViCwHyd2qCiarH34P
967,1P5R69maDC6j2LUSKBfyYFgjXoDx4aYqrN
968,1P5yJWXnBuHc51fH7z7bv5Hcf3h8gjrtet
969,1P5US8i6dDdDjDiVitABHN7gwiX2xKCupz
970,1P963yWMBFkUouU2Me7cQ6136orZDD4gTf
971,1PC73b9qUCjuoax3z5WSgyqPgYbwbRnWHx
972,1PCYhEChvjVK8T6NCMvW6TQbFXLWL9z6V2
973,1PCW2xy7chZdAB4h8KczAh6j4yvZLHYhce
974,1PeSDEMzi7nj1ah4YFcgnRmijWpgQqP3Yp
975,1PFe8pjUW8BTb7VEYqf17TpZwAC7e5FoVH
976,1PFFrMbEzBxWkJRnoJWFWm318qGzexdr7Q
977,1Ph8EsQKmhioBRxuMyCEr6CLcEM9cb72zy
978,1PJqM3rxpLx5DpwEKz4LfVEoaVZWcbZM4d
979,1PmfTuX4Zn9RxDGj5r5XbwC5du7hpypEC6
980,1PNa6dyWRXGiAqBBcTqczPTSrg7Accb8CD
981,1PMqxFn41deD44dNNv4GxuJJUHNaBXLgoJ
982,1Pp6q3R1QrKs82JjUde7CRe4aMqLp4yStm
983,1PPK7nFrup6dcnqfEFf9LvcWsgdDyFEbLY
984,1Pq1KMt9B474qYNuJog3ELEVpWyZ9XcgzG
985,1PQ4GegX2mrAYpCu1dfRbjhyNp2bhMjF4B
986,1PqaW1NqVwb2yNmoCKar2pshSxYK2axKWm
987,1PRS3Ffg251nxxKeWLhcoicQPLov7PgfZi
988,1PsPajyoGwVpBrD26hu8BMcCWcw3FbZtAp
989,1PsEsHKezR5nGepm8KTLQF6jn6Q7bppQNm
990,1PUr8TTujFSYavR7UX8MFUEn2k3kQSi1kW
991,1PxevD3vr8JGDYRnZXNgX1XD1FHbSuaLoc
992,1PWSnUacHcEAz7intLS6uc2c8zatGZjM2T
993,1PyMpr5cTwUysCM34S9WMwu8aiE7RRWnwb
994,1PyALbWXLpy72tbiN8Xjb3VERv726TaXdY
995,1PxHeRYZkt9n5oDRrfmV2Yom9MwLbsLZVu
996,1PYPyhuYWvsbJVagb7TgVD8BKE2ULR6xTY
997,1PyuhGN8Ns6txR4D7u6NxSBW1g8TBP5b9w
998,1PzAMhHqpW6LLu9f3yQZaAWk8aqNnyXqHf
999,1Q1qNj2TobNMcFdX76w5Ys3h6oV22isCKs
1000,1Q1DN8Qs5ReRY7RhvNw3MRh5zNQRP8kDuX
1001,1Q4Ecypi7u6V9AdTZDXuPqj1X5Eqg5CmME
1002,1Q56taT1L4PkEaQV9heteHqgSmWjgpzEM3
1003,1Q67B5PSj68jDDk4jeP2CyzSNUeJcLQVUU
1004,1Q7AdNrrqBiFoKv39Yy3RvmSJzYmeA9nzr
1005,1QAkjQdmaLkDEXfRuwRpTz8sG3s59KX5TY
1006,1Q93PdujLU7zo8Dx4iVUN3At1T6M3QJd4R
1007,1QCxza6pf9Mm2PQGuR75UEoAZuqPiHsZW2
1008,1QBkAG2XQqeMPw2Wco2tLh7PvqbGEHLcFx
1009,1QEsUHXqoNjP7F8zv6uUK1a31tP8qsbVUm
1010,1QFszMrwidDKWmv9s3pQv9Z33dUPpZFHFg
1011,1QGWCTATYGgxEGAVTDqb4934EvBe5JUvoR
1012,1RG72eEUqmmHDKgaJuPdj3NKUVcuG8oF6
1013,1SwQgQrXf2sAvnHtht3t7fikkhuXB17B7
1014,1TrxHQSZezAAPFrkMKoANn5zGmxotK7m7
1015,1TC5yYwzitcQq1zS2bWAsVYULUbYDXMmf
1016,1unVWdbNJy3CxupGpSFomJtx8TW91U9ng
1017,1UWYSFfJoaDCq4mvvD2AcibAQgaBNVU9p
1018,1v2zJtq12h5UrGLjS65gMFoAmVcPjSXvG
1019,1uLdz4wXrcXjCy2CqLWuJUiE85Y7SJ1ge
1020,1ULEqcd5te8AWqFpH7HD4KvJZ1AKcJPam
1021,1wBRYo1vtji5UFpo3bEUvp5pFM2GVPcNK
1022,1ve94pUsf3Cn6pe5daKT691ASDBzjUooc
1023,1WpRYcffgiwsXtmPd4hVvojTzAhTo2R8n
1024,1xLiMXgajw8BopJXSwa72iYodTbyowtEH
1025,1WwsHhqXwdxwfCgYhqYt9QXehNDhnUWdX
1026,1ZdU8BUa7E6NuiWJw6kqTyv2jJWCPXh4o
1027,1yp6SKgrb8DM9DDDQTWiJe3EP3LCSAMAX
1028,1ZjoY4WR56Kn4H2Yw7zGYFLhqeknoVRGh
1029,31yqH1jVEPDJ7x9L648Ec5umM2G3zNDoe5
1030,33XZf8Ys9sbqnAKynA4yBckyzwN3SEZaU7
1031,3422VtS7UtCvXYxoXMVp6eZupR252z85oC
1032,364qbSJFhwkBgZnMuhmUHdczpaZNS2PmE6
1033,38A6nGSMR59WHVnj9gaJ2Cm62y9kFE318i
1034,38mMQxz4knqfmecjLW3atdygfWxvvnJfg7
1035,392LK4ZQD3gixWg5xJRTv1a24N3YDgCbwP
1036,3AhpkBp2xR2h1JLnob71aZvyT8TN5tFxjt
1037,3CafimPzKw8ZhXQyQjojD2GDNpwsaQb12J
1038,3CD1QW6fjgTwKq3Pj97nty28WZAVkziNom
1039,3Ce7jUQn2RH5Ysdb4VvShoYymZLpkcqaAA
1040,3E5NsFYg9H64TSB9MroJCCZJG7dJ179Yge
1041,3Fp5ejYY8FsJ6Y3kb377VRjJunTeUVYsuq
1042,3FWSkG5NmyXF3rqMav7piXiJUDYzKpgFRT
1043,3GDuLYcqhcLMKjc4YUcgToY3ytr5bK1b8W
1044,3Ha9XVxhpUVvwBTPHRvcGrzYwxJATzcAYK
1045,3HaYm1tQKDNrCFJR4g4ct6SXPkxHq7NH5z
1046,3HbAyBZkZmhBx6o7ecZSoQ8JNNhv4x2gmr
1047,3HQJ9ta7TmYNRjkbY3nbMGdHzNCCiXs3Ui
1048,3HWQTZQX6Kj1Ccpr9Ki52cHxjYT8yigd9A
1049,3HW73cL1tw1nq85Xx3yFZxrPzwduqr1G2N
1050,3HWFfxQ6GJEN5L1ivJDdSshsjn4ZzEzwKx
1051,3HXm1mVLPjRpYez1eGj1aBXa7eurvTywyQ
1052,3HYEUGR5wKzGUntMRTaZBgNBntoWmVfaJZ
1053,3HZ54Pr1iJxrJ9QtTQSEcQiNJd728Tn35F
1054,3JF8UKBhhfGQ5w1CpnSQhpzi4f8F3dg3H9
1055,3JXRVxhrk2o9f4w3cQchBLwUeegJBj6BEp
1056,3KDgKr3qov4Ws5WPnaA2RHjcE1N2UeVYs3
1057,3MhdvQccMd5zAh92WrW7SpcHXwfW1uiamD
1058,3MYqQJ5LbDe9U3drsaDprKxWobVZA3UgAw
1059,3P4C7jpF1oxHgxqt4VgMRcCBEV3YEpaDUm
1060,3P7rHJw7h9kEqWiyArYGqfpqUc8xDAeyno
1061,3Q9SPyCN95szQUoQYgAHKgdhC3YnRsrFrW
1062,3QJWamBtc9BAQ1miHKAXf3DWwuvpMSaUZ7
1063,bc1q42xunjndcgp2kgd0na9vzpnrp2xj5ta3vfq59k
1064,bc1q7hsul3tyd6e59vgn3pw46tkzs8xcvmx7hld8d5
1065,bc1qakpcp6zt745np3cz2mvsk0s20ecklhctz59sn3
1066,bc1qcw5qmpr8luu7vv00jhcjz2qzcgggnt7cddd6dp
1067,bc1qd2kx8pmpnvfx40rmgd483988jcasamm9xw326zlm4pwguv5drxfssc4c86
1068,bc1qd9qlrxrafp5dkvxtpuvnjxsd92a6prfgpxas8g
1069,bc1qel7tps3wu6zqztaanczvt76hffwh7k06jd8r9xh2v3ztpa5ty5dsz358ys
1070,bc1qf4swthjaer5ze7xeqwuz5alnd2eshw2ad2n5nw
1071,bc1qg9h7s7hn4t9m7uw26gnwfm7xfxk77fkj878sg3
1072,bc1ql0nhgw65vahza36m4avr7ejxhd7alcexunyhqr
1073,bc1qlhzpvpharwgrahhff0vwvqhpxmfglqqz4ddszp
1074,bc1qltcrpkhuuv6jtnfs836qh7xwxawf8kqetc35s3
1075,bc1qn7098fwjrcyd4fvqppf8x2qucg5dkkamvp3sqn
1076,bc1qshhqvqyxa3ldkaqc8fwlqaua9eg9pkta5xfj35
1077,bc1qujnt6f6tzqfw5rljh34c5n8uttrqqkhh40crzt
1078,bc1qwfgdjyy95aay2686fn74h6a4nu9eev6np7q4fn204dkj3274frlqrskvx0
1079,bc1qwt8yagavflr3j625pxxw5ckhu03p8f4gcj2ej2
